method,clip_i_mean,clip_i_std,clip_t_mean,clip_t_std,dino_mean,dino_std,trainable_params_mean,trainable_params_std
boft,0.7121646205584208,0.02299456274015398,0.3172155022621155,0.010565889921653141,0.19712406521042183,0.17164893317836558,522624.0,0.0
coft,0.7135050296783447,0.02711203051985835,0.316170871257782,0.01011205969842087,0.19621040796240166,0.17034222903042187,11602368.0,0.0
lora,0.7115443150202433,0.021586104886840794,0.3174143483241399,0.008485487836807207,0.2073013254751761,0.1462337748967604,1992960.0,1309906.977846595
oft,0.7355076273282369,0.023887913876076784,0.3140462537606557,0.006522909637790288,0.2558287257949511,0.11339933904002743,13058880.0,6631093.444734654
